<?xml version="1.0" encoding="UTF-8"?>
<addon id="plugin.video.italy-tv"
  version="1.1.2"
  name="Italy TV Streaming"
  provider-name="[COLOR dodgerblue][B]Syco[/B][/COLOR]">
  <requires>
    <!-- <import addon="xbmc.python" version="2.1.0" /> -->
    <import addon="script.module.requests" />
    <import addon="script.module.beautifulsoup4"/>
  </requires>
  <extension point="xbmc.python.pluginsource" library="addon.py">
    <provides>video</provides>
  </extension>
  <extension point="xbmc.addon.metadata">
    <platform>all</platform>
    <summary lang="en">Italy TV Kodi Video Plugin</summary>
    <description lang="en">An Italy TV video plugin for Kodi mediacenter</description>
    <disclaimer lang="en">Videos are provided by people... online... somewhere...</disclaimer>
    <assets>
      <icon>icon.png</icon>
    </assets>
    <source>https://github.com/syco/Cool-Stuff</source>
  </extension>
</addon>
