<?xml version="1.0" encoding="UTF-8" standalone="yes"?>
<addon id="repository.Syco" name="Cool Stuff" version="1.0.0" provider-name="syco">
  <extension point="xbmc.addon.repository" name="Example Repository">
    <dir>
      <info compressed="false">https://raw.githubusercontent.com/syco/repository.Syco/kodi/repo/addons.xml</info>
      <checksum>https://raw.githubusercontent.com/syco/repository.Syco/kodi/repo/addons.xml.md5</checksum>
      <datadir zip="true">https://raw.githubusercontent.com/syco/repository.Syco/kodi/repo/</datadir>
    </dir>
  </extension>
  <extension point="xbmc.addon.metadata">
    <summary>Cool Stuff</summary>
    <description>Syco's Super Cool Plugins</description>
    <disclaimer></disclaimer>
    <platform>all</platform>
    <assets>
      <icon>icon.png</icon>
      <fanart>fanart.jpg</fanart>
    </assets>
  </extension>
</addon>
